{"stats":{"minecraft:used":{"minecraft:redstone":34,"minecraft:sandstone":1,"minecraft:repeater":11,"minecraft:blue_concrete":1,"minecraft:redstone_torch":1},"minecraft:custom":{"minecraft:jump":50,"minecraft:time_since_rest":463477,"minecraft:crouch_one_cm":899,"minecraft:leave_game":1,"minecraft:sprint_one_cm":4339,"minecraft:play_time":463477,"minecraft:time_since_death":463477,"minecraft:walk_one_cm":1905,"minecraft:sneak_time":40519,"minecraft:total_world_time":518743,"minecraft:fly_one_cm":390111},"minecraft:picked_up":{"minecraft:redstone":1}},"DataVersion":3700}