{"stats":{"minecraft:used":{"minecraft:redstone_torch":1,"minecraft:sandstone":1,"minecraft:repeater":11,"minecraft:blue_concrete":1,"minecraft:redstone":34},"minecraft:custom":{"minecraft:jump":55,"minecraft:time_since_rest":514947,"minecraft:crouch_one_cm":965,"minecraft:leave_game":3,"minecraft:play_time":514947,"minecraft:sprint_one_cm":4840,"minecraft:time_since_death":514947,"minecraft:walk_one_cm":2252,"minecraft:sneak_time":42818,"minecraft:total_world_time":570734,"minecraft:fly_one_cm":413542},"minecraft:picked_up":{"minecraft:redstone":1}},"DataVersion":3700}